{
  "pre": {
    "n_reps": 200,
    "avg_wait_mean": 240.5590511446998,
    "avg_wait_ci": [
      198.437295151929,
      283.73896739130436
    ],
    "median_wait_mean": 197.87,
    "p90_wait_mean": 540.3125,
    "total_walk_mean": 0.0,
    "total_walk_ci": [
      0.0,
      0.0
    ],
    "avg_total_travel_mean": 321.43243243966384,
    "avg_total_travel_ci": [
      279.31067644689307,
      364.6123486862684
    ],
    "mean_boarded": 103.23,
    "mean_remaining_queue": 0.0,
    "mean_dwell": 11.31503184713376
  },
  "post1": {
    "n_reps": 200,
    "avg_wait_mean": 157.39335322179602,
    "avg_wait_ci": [
      130.09332786885247,
      188.9326086956522
    ],
    "median_wait_mean": 75.4375,
    "p90_wait_mean": 434.39450000000005,
    "total_walk_mean": 14423.1,
    "total_walk_ci": [
      11518.5,
      17041.5
    ],
    "avg_total_travel_mean": 357.85876373883076,
    "avg_total_travel_ci": [
      325.9412671111995,
      392.853237299866
    ],
    "mean_boarded": 117.345,
    "mean_remaining_queue": 2.84,
    "mean_dwell": 11.494840764331212
  },
  "post2": {
    "n_reps": 200,
    "avg_wait_mean": 158.13669838815747,
    "avg_wait_ci": [
      128.11077981651377,
      192.9061668417367
    ],
    "median_wait_mean": 74.21,
    "p90_wait_mean": 435.224,
    "total_walk_mean": 14451.0,
    "total_walk_ci": [
      11757.0,
      17160.0
    ],
    "avg_total_travel_mean": 359.01007968312143,
    "avg_total_travel_ci": [
      328.9841611114778,
      393.7795481367008
    ],
    "mean_boarded": 117.62,
    "mean_remaining_queue": 2.805,
    "mean_dwell": 11.498343949044585
  }
}