{
  "summary": {
    "offpeak": {
      "count": 105,
      "mean_s": 78.02857142857142,
      "median_s": 78.0,
      "p90_s": 82.0,
      "std_s": 7.250274720069821
    },
    "peak": {
      "count": 695,
      "mean_s": 80.87338129496403,
      "median_s": 79.0,
      "p90_s": 129.0,
      "std_s": 27.47870166996244
    }
  }
}