{
  "scenario": "pre",
  "summary": {
    "n_reps": 200,
    "avg_wait_mean": 167.35208951774476,
    "avg_wait_ci": [
      115.37109375,
      217.71723710317463
    ],
    "median_wait_mean": 75.55,
    "p90_wait_mean": 484.0810000000001,
    "total_walk_mean": 0.0,
    "total_walk_ci": [
      0.0,
      0.0
    ],
    "avg_total_travel_mean": 248.2254708127088,
    "avg_total_travel_ci": [
      196.24447504496402,
      298.59061839813864
    ],
    "mean_boarded": 60.535,
    "mean_remaining_queue": 0.0,
    "mean_dwell": 10.563116279069767
  }
}