{
  "scenario": "post1",
  "summary": {
    "n_reps": 200,
    "avg_wait_mean": 109.23915009503699,
    "avg_wait_ci": [
      73.10710784313726,
      154.4144452363982
    ],
    "median_wait_mean": 20.725,
    "p90_wait_mean": 365.5720000000001,
    "total_walk_mean": 7208.1,
    "total_walk_ci": [
      5220.0,
      9544.500000000002
    ],
    "avg_total_travel_mean": 310.0945124117677,
    "avg_total_travel_ci": [
      266.94202164584124,
      354.89745799950947
    ],
    "mean_boarded": 60.025,
    "mean_remaining_queue": 0.0,
    "mean_dwell": 10.558372093023257
  }
}